-- phpMyAdmin SQL Dump
-- version 4.0.10deb1
-- http://www.phpmyadmin.net
--
-- Servidor: localhost
-- Tiempo de generaci칩n: 30-03-2015 a las 01:43:27
-- Versi칩n del servidor: 5.5.41-0ubuntu0.14.04.1
-- Versi칩n de PHP: 5.5.9-1ubuntu4.7

SET SQL_MODE = "NO_AUTO_VALUE_ON_ZERO";
SET time_zone = "+00:00";


/*!40101 SET @OLD_CHARACTER_SET_CLIENT=@@CHARACTER_SET_CLIENT */;
/*!40101 SET @OLD_CHARACTER_SET_RESULTS=@@CHARACTER_SET_RESULTS */;
/*!40101 SET @OLD_COLLATION_CONNECTION=@@COLLATION_CONNECTION */;
/*!40101 SET NAMES utf8 */;

--
-- Base de datos: `motoros_db`
--

-- --------------------------------------------------------

--
-- Estructura de tabla para la tabla `alquiler`
--

CREATE TABLE IF NOT EXISTS `alquiler` (
  `alq_id` int(11) NOT NULL AUTO_INCREMENT,
  `alq_cli_id` int(11) NOT NULL,
  `alq_observaciones` varchar(300) NOT NULL,
  `alq_tipo` varchar(20) NOT NULL,
  `alq_fecha` date NOT NULL,
  `alq_fechafin` date NOT NULL,
  PRIMARY KEY (`alq_id`,`alq_cli_id`),
  KEY `alq_cli_id` (`alq_cli_id`)
) ENGINE=InnoDB  DEFAULT CHARSET=latin1 AUTO_INCREMENT=89 ;

--
-- Volcado de datos para la tabla `alquiler`
--

INSERT INTO `alquiler` (`alq_id`, `alq_cli_id`, `alq_observaciones`, `alq_tipo`, `alq_fecha`, `alq_fechafin`) VALUES
(88, 17, '', 'Contado', '2015-03-30', '2015-04-30');

-- --------------------------------------------------------

--
-- Estructura de tabla para la tabla `banco`
--

CREATE TABLE IF NOT EXISTS `banco` (
  `ban_id` int(11) NOT NULL AUTO_INCREMENT,
  `ban_nombre` varchar(15) NOT NULL,
  PRIMARY KEY (`ban_id`)
) ENGINE=InnoDB  DEFAULT CHARSET=latin1 AUTO_INCREMENT=3 ;

--
-- Volcado de datos para la tabla `banco`
--

INSERT INTO `banco` (`ban_id`, `ban_nombre`) VALUES
(1, 'Bancolombia'),
(2, 'Davivienda');

-- --------------------------------------------------------

--
-- Estructura de tabla para la tabla `cargo`
--

CREATE TABLE IF NOT EXISTS `cargo` (
  `car_id` int(11) NOT NULL AUTO_INCREMENT,
  `car_nombre` varchar(30) NOT NULL,
  PRIMARY KEY (`car_id`)
) ENGINE=InnoDB  DEFAULT CHARSET=latin1 AUTO_INCREMENT=7 ;

--
-- Volcado de datos para la tabla `cargo`
--

INSERT INTO `cargo` (`car_id`, `car_nombre`) VALUES
(1, 'Administrador'),
(2, 'Mensajero'),
(3, 'Auxiliar administrativo'),
(4, 'Ocacionales'),
(5, 'Pagadiario'),
(6, 'Ocacional');

-- --------------------------------------------------------

--
-- Estructura de tabla para la tabla `cliente`
--

CREATE TABLE IF NOT EXISTS `cliente` (
  `cli_id` int(11) NOT NULL AUTO_INCREMENT,
  `cli_cedula` int(11) NOT NULL,
  `cli_nombre` varchar(20) NOT NULL,
  `cli_apellido` varchar(20) NOT NULL,
  `cli_direccion` varchar(50) NOT NULL,
  `cli_barrio` varchar(50) NOT NULL,
  `cli_telefono` int(11) NOT NULL,
  `cli_celular` text NOT NULL,
  `cli_ciudad` varchar(20) NOT NULL,
  `cli_observaciones` varchar(300) NOT NULL,
  `cli_tipo` varchar(20) NOT NULL,
  PRIMARY KEY (`cli_id`)
) ENGINE=InnoDB  DEFAULT CHARSET=latin1 AUTO_INCREMENT=22 ;

--
-- Volcado de datos para la tabla `cliente`
--

INSERT INTO `cliente` (`cli_id`, `cli_cedula`, `cli_nombre`, `cli_apellido`, `cli_direccion`, `cli_barrio`, `cli_telefono`, `cli_celular`, `cli_ciudad`, `cli_observaciones`, `cli_tipo`) VALUES
(17, 2147483647, 'pedro', 'perez', 'lhkljhlkjh', 'ljkhlkjh', 9876, '897689', 'adssadkjh', 'lhkjhklj', 'Regular'),
(18, 876876978, 'pedro', 'pinto', 'klkhh', 'lkjh', 986, '98768', 'lkjj', 'kjkj', 'Regular'),
(20, 231234342, 'Maria', 'Mendez', '', '', 0, '', '', '', 'Paga Diario'),
(21, 78658765, 'juan', 'alima침a', '', '', 0, '', '', '\r\n', 'Paga Diario');

-- --------------------------------------------------------

--
-- Estructura de tabla para la tabla `control_adicional`
--

CREATE TABLE IF NOT EXISTS `control_adicional` (
  `con_id` int(11) NOT NULL AUTO_INCREMENT,
  `con_lin_id` int(11) NOT NULL,
  `con_fecha` date NOT NULL,
  `con_facturacion` int(11) NOT NULL,
  `con_descuentos` int(11) NOT NULL,
  PRIMARY KEY (`con_id`,`con_lin_id`),
  KEY `con_lin_id` (`con_lin_id`)
) ENGINE=InnoDB DEFAULT CHARSET=latin1 AUTO_INCREMENT=1 ;

-- --------------------------------------------------------

--
-- Estructura de tabla para la tabla `denominacion`
--

CREATE TABLE IF NOT EXISTS `denominacion` (
  `den_id` int(11) NOT NULL AUTO_INCREMENT,
  `den_ope_id` int(11) NOT NULL,
  `den_50` int(11) NOT NULL,
  `den_100` int(11) NOT NULL,
  `den_200` int(11) NOT NULL,
  `den_500` int(11) NOT NULL,
  `den_1000` int(11) NOT NULL,
  `den_2000` int(11) NOT NULL,
  `den_5000` int(11) NOT NULL,
  `den_10000` int(11) NOT NULL,
  `den_20000` int(11) NOT NULL,
  `den_50000` int(11) NOT NULL,
  `den_total` int(11) NOT NULL,
  PRIMARY KEY (`den_id`,`den_ope_id`),
  KEY `den_ope_id` (`den_ope_id`)
) ENGINE=InnoDB DEFAULT CHARSET=latin1 AUTO_INCREMENT=1 ;

-- --------------------------------------------------------

--
-- Estructura de tabla para la tabla `detalle_banco`
--

CREATE TABLE IF NOT EXISTS `detalle_banco` (
  `detban_id` int(11) NOT NULL AUTO_INCREMENT,
  `detban_ban_id` int(11) NOT NULL,
  `detban_cli_id` int(11) NOT NULL,
  `detban_fecha` date NOT NULL,
  `detban_transaccion` varchar(15) NOT NULL,
  `detban_valor` int(11) NOT NULL,
  `detban_detalle` varchar(300) NOT NULL,
  PRIMARY KEY (`detban_id`,`detban_ban_id`,`detban_cli_id`),
  KEY `detban_ban_id` (`detban_ban_id`),
  KEY `detban_cli_id` (`detban_cli_id`)
) ENGINE=InnoDB  DEFAULT CHARSET=latin1 AUTO_INCREMENT=24 ;

--
-- Volcado de datos para la tabla `detalle_banco`
--

INSERT INTO `detalle_banco` (`detban_id`, `detban_ban_id`, `detban_cli_id`, `detban_fecha`, `detban_transaccion`, `detban_valor`, `detban_detalle`) VALUES
(15, 2, 17, '0000-00-00', 'Haber', 123123, 'dasd\r\n'),
(17, 2, 21, '0000-00-00', 'Haber', 20000000, ''),
(18, 1, 18, '0000-00-00', 'Debe', 200000, ''),
(19, 1, 20, '0000-00-00', 'Debe', 600000, ''),
(21, 1, 18, '0000-00-00', 'Haber', 1000000, ''),
(22, 2, 17, '0000-00-00', 'Debe', 23000, ''),
(23, 1, 17, '0000-00-00', 'Debe', 34567, '');

-- --------------------------------------------------------

--
-- Estructura de tabla para la tabla `estadocuenta`
--

CREATE TABLE IF NOT EXISTS `estadocuenta` (
  `estcue_id` int(11) NOT NULL AUTO_INCREMENT,
  `estcue_alq_id` int(11) NOT NULL,
  `estcue_debe` int(11) NOT NULL,
  `estcue_abono` int(11) NOT NULL,
  `estcue_saldo` int(11) NOT NULL,
  PRIMARY KEY (`estcue_id`,`estcue_alq_id`),
  KEY `estcue_alq_id` (`estcue_alq_id`)
) ENGINE=InnoDB  DEFAULT CHARSET=latin1 AUTO_INCREMENT=8 ;

--
-- Volcado de datos para la tabla `estadocuenta`
--

INSERT INTO `estadocuenta` (`estcue_id`, `estcue_alq_id`, `estcue_debe`, `estcue_abono`, `estcue_saldo`) VALUES
(7, 88, 103500, 0, 0);

-- --------------------------------------------------------

--
-- Estructura de tabla para la tabla `historialinea`
--

CREATE TABLE IF NOT EXISTS `historialinea` (
  `his_id` int(11) NOT NULL AUTO_INCREMENT,
  `his_lin_id` int(11) NOT NULL,
  `his_alq_id` int(11) NOT NULL,
  `his_valor_minvend` int(11) NOT NULL,
  PRIMARY KEY (`his_id`,`his_lin_id`,`his_alq_id`),
  KEY `his_alq_id` (`his_alq_id`),
  KEY `his_lin_id` (`his_lin_id`)
) ENGINE=InnoDB  DEFAULT CHARSET=latin1 AUTO_INCREMENT=13 ;

--
-- Volcado de datos para la tabla `historialinea`
--

INSERT INTO `historialinea` (`his_id`, `his_lin_id`, `his_alq_id`, `his_valor_minvend`) VALUES
(10, 49, 88, 30),
(11, 51, 88, 30),
(12, 55, 88, 30);

-- --------------------------------------------------------

--
-- Estructura de tabla para la tabla `linea`
--

CREATE TABLE IF NOT EXISTS `linea` (
  `lin_id` int(11) NOT NULL AUTO_INCREMENT,
  `lin_pla_id` int(11) NOT NULL,
  `lin_numero` varchar(11) NOT NULL,
  `lin_corte` int(11) NOT NULL,
  `lin_estado` varchar(30) NOT NULL,
  `lin_operador` varchar(50) NOT NULL,
  `lin_minutosconsumidos` int(11) NOT NULL,
  `lin_pasaminutos` int(11) NOT NULL,
  PRIMARY KEY (`lin_id`,`lin_pla_id`),
  KEY `lin_pla_id` (`lin_pla_id`)
) ENGINE=InnoDB  DEFAULT CHARSET=latin1 AUTO_INCREMENT=56 ;

--
-- Volcado de datos para la tabla `linea`
--

INSERT INTO `linea` (`lin_id`, `lin_pla_id`, `lin_numero`, `lin_corte`, `lin_estado`, `lin_operador`, `lin_minutosconsumidos`, `lin_pasaminutos`) VALUES
(48, 9, '3137777777', 14, 'Alquilada', 'Movistar', 0, 0),
(49, 10, '3129999999', 10, 'Alquilada', 'Claro', 0, 0),
(50, 9, '3116666666', 9, 'Alquilada', 'Tigo', 0, 0),
(51, 10, '3129876543', 14, 'Alquilada', 'Claro', 0, 0),
(52, 9, '3219800098', 2, 'Alquilada', 'Claro', 0, 0),
(53, 9, '3215467898', 2, 'Alquilada', 'Claro', 0, 0),
(54, 9, '3135678909', 2, 'Alquilada', 'Claro', 0, 0),
(55, 10, '3215678909', 25, 'Alquilada', 'Claro', 0, 0);

-- --------------------------------------------------------

--
-- Estructura de tabla para la tabla `nomina`
--

CREATE TABLE IF NOT EXISTS `nomina` (
  `nomquin_id` int(11) NOT NULL AUTO_INCREMENT,
  `nomquin_usu_id` int(11) NOT NULL,
  `nomquin_nomina` int(11) NOT NULL,
  `nomquin_diaslaborados` int(11) NOT NULL,
  `nomquin_descuentos` int(11) NOT NULL,
  `nomquin_descuadres` int(11) NOT NULL,
  `nomquin_liquidacion` int(11) NOT NULL,
  `nomquin_novedades` varchar(50) NOT NULL,
  `nomquin_fechainicio` date NOT NULL,
  `nomquin_fechafin` date NOT NULL,
  `nomquin_total` int(11) NOT NULL,
  PRIMARY KEY (`nomquin_id`,`nomquin_usu_id`),
  KEY `nomquin_usu_id` (`nomquin_usu_id`)
) ENGINE=InnoDB DEFAULT CHARSET=latin1 AUTO_INCREMENT=1 ;

-- --------------------------------------------------------

--
-- Estructura de tabla para la tabla `operacion`
--

CREATE TABLE IF NOT EXISTS `operacion` (
  `ope_id` int(11) NOT NULL AUTO_INCREMENT,
  `ope_cli_id` int(11) NOT NULL,
  `ope_usu_id` int(11) NOT NULL,
  `ope_tipo` varchar(50) NOT NULL,
  `ope_valor` int(11) NOT NULL,
  `ope_fecha` date NOT NULL,
  `ope_nfactura` int(11) NOT NULL,
  `ope_observaciones` varchar(300) NOT NULL,
  PRIMARY KEY (`ope_id`,`ope_cli_id`,`ope_usu_id`),
  KEY `ope_usu_id` (`ope_usu_id`),
  KEY `ope_cli_id` (`ope_cli_id`)
) ENGINE=InnoDB DEFAULT CHARSET=latin1 AUTO_INCREMENT=1 ;

-- --------------------------------------------------------

--
-- Estructura de tabla para la tabla `plan`
--

CREATE TABLE IF NOT EXISTS `plan` (
  `pla_id` int(11) NOT NULL AUTO_INCREMENT,
  `pla_nombre` varchar(50) NOT NULL,
  `pla_totalmin` int(11) NOT NULL,
  `pla_vlrmin` int(11) NOT NULL,
  `pla_cargobasico` int(11) NOT NULL,
  PRIMARY KEY (`pla_id`)
) ENGINE=InnoDB  DEFAULT CHARSET=latin1 AUTO_INCREMENT=13 ;

--
-- Volcado de datos para la tabla `plan`
--

INSERT INTO `plan` (`pla_id`, `pla_nombre`, `pla_totalmin`, `pla_vlrmin`, `pla_cargobasico`) VALUES
(9, '1200', 2345, 23, 68000),
(10, '1150', 1150, 68, 87907),
(11, '1500', 1500, 65, 128000),
(12, '1800', 1800, 50, 90000);

-- --------------------------------------------------------

--
-- Estructura de tabla para la tabla `prestamo_empleado`
--

CREATE TABLE IF NOT EXISTS `prestamo_empleado` (
  `emppre_id` int(11) NOT NULL AUTO_INCREMENT,
  `emppre_usu_id` int(11) NOT NULL,
  `emppre_fecha` int(11) NOT NULL,
  `emppre_valor` int(11) NOT NULL,
  `emppre_cuotas` int(11) NOT NULL,
  PRIMARY KEY (`emppre_id`,`emppre_usu_id`),
  KEY `emppre_usu_id` (`emppre_usu_id`)
) ENGINE=InnoDB DEFAULT CHARSET=latin1 AUTO_INCREMENT=1 ;

-- --------------------------------------------------------

--
-- Estructura de tabla para la tabla `usuario`
--

CREATE TABLE IF NOT EXISTS `usuario` (
  `usu_id` int(11) NOT NULL AUTO_INCREMENT,
  `usu_car_id` int(11) NOT NULL,
  `usu_nombre` varchar(20) NOT NULL,
  `usu_apellido` varchar(20) NOT NULL,
  `usu_cedula` int(11) NOT NULL,
  `usu_direccion` varchar(50) NOT NULL,
  `usu_telefono` varchar(50) NOT NULL,
  `usu_nick` varchar(20) NOT NULL,
  `usu_contrasena` varchar(150) NOT NULL,
  `usu_fechaingreso` date NOT NULL,
  `usu_fechaegreso` date NOT NULL,
  PRIMARY KEY (`usu_id`,`usu_car_id`),
  KEY `usu_car_id` (`usu_car_id`)
) ENGINE=InnoDB  DEFAULT CHARSET=latin1 AUTO_INCREMENT=14 ;

--
-- Volcado de datos para la tabla `usuario`
--

INSERT INTO `usuario` (`usu_id`, `usu_car_id`, `usu_nombre`, `usu_apellido`, `usu_cedula`, `usu_direccion`, `usu_telefono`, `usu_nick`, `usu_contrasena`, `usu_fechaingreso`, `usu_fechaegreso`) VALUES
(2, 1, 'Andres', 'Zapata', 1053818270, 'Calle 15 # 18-26', '8888888', 'andres', '231badb19b93e44f47da1bd64a8147f2', '2015-03-03', '0000-00-00'),
(13, 1, 'Eduardo', 'Escobar', 12321321, 'cable', '76567675', 'eduardo', '6d6354ece40846bf7fca65dfabd5d9d4', '0000-00-00', '0000-00-00');

--
-- Restricciones para tablas volcadas
--

--
-- Filtros para la tabla `alquiler`
--
ALTER TABLE `alquiler`
  ADD CONSTRAINT `alquiler_ibfk_1` FOREIGN KEY (`alq_cli_id`) REFERENCES `cliente` (`cli_id`) ON DELETE CASCADE ON UPDATE CASCADE;

--
-- Filtros para la tabla `control_adicional`
--
ALTER TABLE `control_adicional`
  ADD CONSTRAINT `control_adicional_ibfk_1` FOREIGN KEY (`con_lin_id`) REFERENCES `linea` (`lin_id`) ON DELETE CASCADE ON UPDATE CASCADE;

--
-- Filtros para la tabla `denominacion`
--
ALTER TABLE `denominacion`
  ADD CONSTRAINT `denominacion_ibfk_1` FOREIGN KEY (`den_ope_id`) REFERENCES `operacion` (`ope_id`) ON DELETE CASCADE ON UPDATE CASCADE;

--
-- Filtros para la tabla `detalle_banco`
--
ALTER TABLE `detalle_banco`
  ADD CONSTRAINT `detalle_banco_ibfk_1` FOREIGN KEY (`detban_ban_id`) REFERENCES `banco` (`ban_id`) ON DELETE CASCADE ON UPDATE CASCADE,
  ADD CONSTRAINT `detalle_banco_ibfk_2` FOREIGN KEY (`detban_cli_id`) REFERENCES `cliente` (`cli_id`) ON DELETE CASCADE ON UPDATE CASCADE;

--
-- Filtros para la tabla `estadocuenta`
--
ALTER TABLE `estadocuenta`
  ADD CONSTRAINT `estadocuenta_ibfk_1` FOREIGN KEY (`estcue_alq_id`) REFERENCES `alquiler` (`alq_id`) ON DELETE CASCADE ON UPDATE CASCADE;

--
-- Filtros para la tabla `historialinea`
--
ALTER TABLE `historialinea`
  ADD CONSTRAINT `historialinea_ibfk_1` FOREIGN KEY (`his_alq_id`) REFERENCES `alquiler` (`alq_id`) ON DELETE CASCADE ON UPDATE CASCADE,
  ADD CONSTRAINT `historialinea_ibfk_2` FOREIGN KEY (`his_lin_id`) REFERENCES `linea` (`lin_id`) ON DELETE CASCADE ON UPDATE CASCADE;

--
-- Filtros para la tabla `linea`
--
ALTER TABLE `linea`
  ADD CONSTRAINT `linea_ibfk_1` FOREIGN KEY (`lin_pla_id`) REFERENCES `plan` (`pla_id`) ON DELETE CASCADE ON UPDATE CASCADE;

--
-- Filtros para la tabla `nomina`
--
ALTER TABLE `nomina`
  ADD CONSTRAINT `nomina_ibfk_1` FOREIGN KEY (`nomquin_usu_id`) REFERENCES `usuario` (`usu_id`) ON DELETE CASCADE ON UPDATE CASCADE;

--
-- Filtros para la tabla `operacion`
--
ALTER TABLE `operacion`
  ADD CONSTRAINT `operacion_ibfk_1` FOREIGN KEY (`ope_usu_id`) REFERENCES `usuario` (`usu_id`) ON DELETE CASCADE ON UPDATE CASCADE,
  ADD CONSTRAINT `operacion_ibfk_2` FOREIGN KEY (`ope_cli_id`) REFERENCES `cliente` (`cli_id`) ON DELETE CASCADE ON UPDATE CASCADE;

--
-- Filtros para la tabla `prestamo_empleado`
--
ALTER TABLE `prestamo_empleado`
  ADD CONSTRAINT `prestamo_empleado_ibfk_1` FOREIGN KEY (`emppre_usu_id`) REFERENCES `usuario` (`usu_id`) ON DELETE CASCADE ON UPDATE CASCADE;

--
-- Filtros para la tabla `usuario`
--
ALTER TABLE `usuario`
  ADD CONSTRAINT `usuario_ibfk_1` FOREIGN KEY (`usu_car_id`) REFERENCES `cargo` (`car_id`) ON DELETE CASCADE ON UPDATE CASCADE;

/*!40101 SET CHARACTER_SET_CLIENT=@OLD_CHARACTER_SET_CLIENT */;
/*!40101 SET CHARACTER_SET_RESULTS=@OLD_CHARACTER_SET_RESULTS */;
/*!40101 SET COLLATION_CONNECTION=@OLD_COLLATION_CONNECTION */;
